{
  "project_info": {
    "project_number": "253322749689",
    "project_id": "soleia-6c5bb",
    "storage_bucket": "soleia-6c5bb.firebasestorage.app"
  },
  "client": [
    {
      "client_info": {
        "mobilesdk_app_id": "1:253322749689:android:b235f764baf9f67a08a428",
        "android_client_info": {
          "package_name": "com.strawhats.soleia"
        }
      },
      "oauth_client": [
        {
          "client_id": "253322749689-usa2tu8jjtsl0ucegmr7pg5njmbvpkjq.apps.googleusercontent.com",
          "client_type": 1,
          "android_info": {
            "package_name": "com.strawhats.soleia",
            "certificate_hash": "19bd62e3812a536de65f2ef0d22ecb96da78d2ad"
          }
        },
        {
          "client_id": "253322749689-b7ha7g5sk7qfc0hn8mg5on50p66ikfem.apps.googleusercontent.com",
          "client_type": 3
        }
      ],
      "api_key": [
        {
          "current_key": "AIzaSyB8LZSRccLgE6oIs5l68cSK7QOVMPQ2WMg"
        }
      ],
      "services": {
        "appinvite_service": {
          "other_platform_oauth_client": [
            {
              "client_id": "253322749689-b7ha7g5sk7qfc0hn8mg5on50p66ikfem.apps.googleusercontent.com",
              "client_type": 3
            }
          ]
        }
      }
    }
  ],
  "configuration_version": "1"
}