{"v":"4.8.0","meta":{"g":"LottieFiles AE 3.1.1","a":"","k":"","d":"","tc":""},"fr":29.9700012207031,"ip":0,"op":120.0000048877,"w":600,"h":600,"nm":"Empty State","ddd":0,"assets":[],"layers":[{"ddd":0,"ind":1,"ty":4,"nm":"Fiche 1/Empty State Silhouettes","sr":1,"ks":{"o":{"a":0,"k":100,"ix":11},"r":{"a":0,"k":0,"ix":10},"p":{"a":0,"k":[214,372,0],"ix":2},"a":{"a":0,"k":[147,205.5,0],"ix":1},"s":{"a":0,"k":[100,100,100],"ix":6}},"ao":0,"shapes":[{"ty":"gr","it":[{"ind":0,"ty":"sh","ix":1,"ks":{"a":0,"k":{"i":[[0,0]],"o":[[0,0]],"v":[[196.75,247.5]],"c":false},"ix":2},"nm":"TracÃÂ© 1","mn":"ADBE Vector Shape - Group","hd":false},{"ty":"st","c":{"a":0,"k":[0,0,0,1],"ix":3},"o":{"a":0,"k":100,"ix":4},"w":{"a":0,"k":2,"ix":5},"lc":1,"lj":1,"ml":4,"bm":0,"nm":"Contour 1","mn":"ADBE Vector Graphic - Stroke","hd":false},{"ty":"fl","c":{"a":0,"k":[0,0,0,1],"ix":4},"o":{"a":0,"k":100,"ix":5},"r":1,"bm":0,"nm":"Fond 1","mn":"ADBE Vector Graphic - Fill","hd":false},{"ty":"tr","p":{"a":0,"k":[0,0],"ix":2},"a":{"a":0,"k":[0,0],"ix":1},"s":{"a":0,"k":[100,100],"ix":3},"r":{"a":0,"k":0,"ix":6},"o":{"a":0,"k":100,"ix":7},"sk":{"a":0,"k":0,"ix":4},"sa":{"a":0,"k":0,"ix":5},"nm":"Transformer "}],"nm":"Forme 2","np":3,"cix":2,"bm":0,"ix":1,"mn":"ADBE Vector Group","hd":false},{"ty":"gr","it":[{"ind":0,"ty":"sh","ix":1,"ks":{"a":1,"k":[{"i":{"x":0.833,"y":0.833},"o":{"x":0.167,"y":0.167},"t":0,"s":[{"i":[[-3.631,0.478],[0,0],[-0.478,-3.631],[3.63,-0.478],[0,0],[0.478,3.63]],"o":[[0,0],[3.63,-0.478],[0.478,3.631],[0,0],[-3.631,0.478],[-0.478,-3.631]],"v":[[-28.805,-2.896],[-28.925,-2.753],[-21.486,2.957],[-27.194,10.395],[-27.074,10.253],[-34.514,4.544]],"c":true}]},{"t":60.0000024438501,"s":[{"i":[[-3.631,0.478],[0,0],[-0.478,-3.631],[3.63,-0.478],[0,0],[0.478,3.63]],"o":[[0,0],[3.63,-0.478],[0.478,3.631],[0,0],[-3.631,0.478],[-0.478,-3.631]],"v":[[-28.805,-2.896],[27.575,-10.253],[35.014,-4.543],[29.306,2.895],[-27.074,10.253],[-34.514,4.544]],"c":true}]}],"ix":2},"nm":"TracÃÂ© 1","mn":"ADBE Vector Shape - Group","hd":false},{"ty":"fl","c":{"a":0,"k":[0.898039275525,0.949019667682,0.976470648074,1],"ix":4},"o":{"a":0,"k":100,"ix":5},"r":1,"bm":0,"nm":"Fond 1","mn":"ADBE Vector Graphic - Fill","hd":false},{"ty":"tr","p":{"a":0,"k":[77.511,191.441],"ix":2},"a":{"a":0,"k":[0,0],"ix":1},"s":{"a":0,"k":[100,100],"ix":3},"r":{"a":0,"k":0,"ix":6},"o":{"a":1,"k":[{"i":{"x":[0.833],"y":[0.833]},"o":{"x":[0.167],"y":[0.167]},"t":60,"s":[100]},{"t":90.0000036657751,"s":[0]}],"ix":7},"sk":{"a":0,"k":0,"ix":4},"sa":{"a":0,"k":0,"ix":5},"nm":"Transformer "}],"nm":"Secondary Trait 1","np":4,"cix":2,"bm":0,"ix":2,"mn":"ADBE Vector Group","hd":false},{"ty":"gr","it":[{"ind":0,"ty":"sh","ix":1,"ks":{"a":1,"k":[{"i":{"x":0.833,"y":0.833},"o":{"x":0.167,"y":0.167},"t":0,"s":[{"i":[[-3.631,0.478],[0,0],[-0.478,-3.631],[3.63,-0.478],[0,0],[0.478,3.63]],"o":[[0,0],[3.63,-0.478],[0.478,3.631],[0,0],[-3.631,0.478],[-0.478,-3.631]],"v":[[-28.805,-2.896],[-25.3,-3.253],[-17.861,2.456],[-23.569,9.895],[-27.074,10.252],[-34.514,4.544]],"c":true}]},{"t":60.0000024438501,"s":[{"i":[[-3.631,0.478],[0,0],[-0.478,-3.631],[3.63,-0.478],[0,0],[0.478,3.63]],"o":[[0,0],[3.63,-0.478],[0.478,3.631],[0,0],[-3.631,0.478],[-0.478,-3.631]],"v":[[-28.805,-2.896],[26.7,-9.878],[34.139,-4.169],[28.431,3.27],[-27.074,10.252],[-34.514,4.544]],"c":true}]}],"ix":2},"nm":"TracÃÂ© 1","mn":"ADBE Vector Shape - Group","hd":false},{"ty":"fl","c":{"a":0,"k":[0.898039275525,0.949019667682,0.976470648074,1],"ix":4},"o":{"a":0,"k":100,"ix":5},"r":1,"bm":0,"nm":"Fond 1","mn":"ADBE Vector Graphic - Fill","hd":false},{"ty":"tr","p":{"a":0,"k":[86.166,257.182],"ix":2},"a":{"a":0,"k":[0,0],"ix":1},"s":{"a":0,"k":[100,100],"ix":3},"r":{"a":0,"k":0,"ix":6},"o":{"a":1,"k":[{"i":{"x":[0.833],"y":[0.833]},"o":{"x":[0.167],"y":[0.167]},"t":60,"s":[100]},{"t":90.0000036657751,"s":[0]}],"ix":7},"sk":{"a":0,"k":0,"ix":4},"sa":{"a":0,"k":0,"ix":5},"nm":"Transformer "}],"nm":"Secondary Trait 2","np":4,"cix":2,"bm":0,"ix":3,"mn":"ADBE Vector Group","hd":false},{"ty":"gr","it":[{"ind":0,"ty":"sh","ix":1,"ks":{"a":1,"k":[{"i":{"x":0.833,"y":0.833},"o":{"x":0.167,"y":0.167},"t":0,"s":[{"i":[[-3.631,0.478],[0,0],[-0.478,-3.631],[3.63,-0.478],[0,0],[0.478,3.63]],"o":[[0,0],[3.63,-0.478],[0.478,3.631],[0,0],[-3.631,0.478],[-0.478,-3.631]],"v":[[-28.805,-2.896],[-25.55,-3.253],[-18.111,2.457],[-23.819,9.895],[-27.074,10.253],[-34.514,4.544]],"c":true}]},{"t":60.0000024438501,"s":[{"i":[[-3.631,0.478],[0,0],[-0.478,-3.631],[3.63,-0.478],[0,0],[0.478,3.63]],"o":[[0,0],[3.63,-0.478],[0.478,3.631],[0,0],[-3.631,0.478],[-0.478,-3.631]],"v":[[-28.805,-2.896],[25.575,-9.753],[33.014,-4.043],[27.306,3.395],[-27.074,10.253],[-34.514,4.544]],"c":true}]}],"ix":2},"nm":"TracÃÂ© 1","mn":"ADBE Vector Shape - Group","hd":false},{"ty":"fl","c":{"a":0,"k":[0.898039275525,0.949019667682,0.976470648074,1],"ix":4},"o":{"a":0,"k":100,"ix":5},"r":1,"bm":0,"nm":"Fond 1","mn":"ADBE Vector Graphic - Fill","hd":false},{"ty":"tr","p":{"a":0,"k":[94.821,322.923],"ix":2},"a":{"a":0,"k":[0,0],"ix":1},"s":{"a":0,"k":[100,100],"ix":3},"r":{"a":0,"k":0,"ix":6},"o":{"a":1,"k":[{"i":{"x":[0.833],"y":[0.833]},"o":{"x":[0.167],"y":[0.167]},"t":60,"s":[100]},{"t":90.0000036657751,"s":[0]}],"ix":7},"sk":{"a":0,"k":0,"ix":4},"sa":{"a":0,"k":0,"ix":5},"nm":"Transformer "}],"nm":"Secondary Trait 3","np":4,"cix":2,"bm":0,"ix":4,"mn":"ADBE Vector Group","hd":false},{"ty":"gr","it":[{"ind":0,"ty":"sh","ix":1,"ks":{"a":1,"k":[{"i":{"x":0.833,"y":0.833},"o":{"x":0.167,"y":0.167},"t":0,"s":[{"i":[[-3.631,0.478],[0,0],[-0.478,-3.63],[3.631,-0.478],[0,0],[0.478,3.63]],"o":[[0,0],[3.631,-0.478],[0.478,3.631],[0,0],[-3.631,0.478],[-0.478,-3.631]],"v":[[-89.615,5.11],[-83.24,4.617],[-75.801,10.325],[-81.509,17.765],[-87.884,18.258],[-95.324,12.55]],"c":true}]},{"t":60.0000024438501,"s":[{"i":[[-3.631,0.478],[0,0],[-0.478,-3.63],[3.631,-0.478],[0,0],[0.478,3.63]],"o":[[0,0],[3.631,-0.478],[0.478,3.631],[0,0],[-3.631,0.478],[-0.478,-3.631]],"v":[[-89.615,5.11],[88.26,-18.883],[95.699,-13.175],[89.991,-5.735],[-87.884,18.258],[-95.324,12.55]],"c":true}]}],"ix":2},"nm":"TracÃÂ© 1","mn":"ADBE Vector Shape - Group","hd":false},{"ty":"fl","c":{"a":0,"k":[0,0.509803921569,0.764705942191,1],"ix":4},"o":{"a":0,"k":100,"ix":5},"r":1,"bm":0,"nm":"Fond 1","mn":"ADBE Vector Graphic - Fill","hd":false},{"ty":"tr","p":{"a":0,"k":[32.792,170.763],"ix":2},"a":{"a":0,"k":[-102.331,13.624],"ix":1},"s":{"a":0,"k":[100,100],"ix":3},"r":{"a":0,"k":0,"ix":6},"o":{"a":0,"k":100,"ix":7},"sk":{"a":0,"k":0,"ix":4},"sa":{"a":0,"k":0,"ix":5},"nm":"Transformer "}],"nm":"Primary Trait 1","np":4,"cix":2,"bm":0,"ix":5,"mn":"ADBE Vector Group","hd":false},{"ty":"gr","it":[{"ind":0,"ty":"sh","ix":1,"ks":{"a":1,"k":[{"i":{"x":0.833,"y":0.833},"o":{"x":0.167,"y":0.167},"t":0,"s":[{"i":[[-3.631,0.478],[0,0],[-0.478,-3.63],[3.631,-0.478],[0,0],[0.478,3.63]],"o":[[0,0],[3.631,-0.478],[0.478,3.631],[0,0],[-3.631,0.478],[-0.478,-3.631]],"v":[[-89.615,5.11],[-78.74,3.867],[-71.301,9.575],[-77.009,17.015],[-87.884,18.258],[-95.324,12.55]],"c":true}]},{"t":50.0000020365418,"s":[{"i":[[-3.631,0.478],[0,0],[-0.478,-3.63],[3.631,-0.478],[0,0],[0.478,3.63]],"o":[[0,0],[3.631,-0.478],[0.478,3.631],[0,0],[-3.631,0.478],[-0.478,-3.631]],"v":[[-89.615,5.11],[82.01,-18.383],[89.449,-12.675],[83.741,-5.235],[-87.884,18.258],[-95.324,12.55]],"c":true}]}],"ix":2},"nm":"TracÃÂ© 1","mn":"ADBE Vector Shape - Group","hd":false},{"ty":"fl","c":{"a":0,"k":[0,0.509803921569,0.764705942191,1],"ix":4},"o":{"a":0,"k":100,"ix":5},"r":1,"bm":0,"nm":"Fond 1","mn":"ADBE Vector Graphic - Fill","hd":false},{"ty":"tr","p":{"a":0,"k":[143.514,222.879],"ix":2},"a":{"a":0,"k":[0,0],"ix":1},"s":{"a":0,"k":[100,100],"ix":3},"r":{"a":0,"k":0,"ix":6},"o":{"a":0,"k":100,"ix":7},"sk":{"a":0,"k":0,"ix":4},"sa":{"a":0,"k":0,"ix":5},"nm":"Transformer "}],"nm":"Primary Trait 2","np":4,"cix":2,"bm":0,"ix":6,"mn":"ADBE Vector Group","hd":false},{"ty":"gr","it":[{"ind":0,"ty":"sh","ix":1,"ks":{"a":1,"k":[{"i":{"x":0.833,"y":0.833},"o":{"x":0.167,"y":0.167},"t":0,"s":[{"i":[[-3.631,0.478],[0,0],[-0.478,-3.63],[3.631,-0.478],[0,0],[0.478,3.63]],"o":[[0,0],[3.631,-0.478],[0.478,3.631],[0,0],[-3.631,0.478],[-0.478,-3.631]],"v":[[-89.615,5.11],[-76.74,3.367],[-69.301,9.075],[-75.009,16.515],[-87.884,18.258],[-95.324,12.55]],"c":true}]},{"t":80.0000032584668,"s":[{"i":[[-3.631,0.478],[0,0],[-0.478,-3.63],[3.631,-0.478],[0,0],[0.478,3.63]],"o":[[0,0],[3.631,-0.478],[0.478,3.631],[0,0],[-3.631,0.478],[-0.478,-3.631]],"v":[[-89.615,5.11],[86.01,-17.633],[93.449,-11.925],[87.741,-4.485],[-87.884,18.258],[-95.324,12.55]],"c":true}]}],"ix":2},"nm":"TracÃÂ© 1","mn":"ADBE Vector Shape - Group","hd":false},{"ty":"fl","c":{"a":0,"k":[0,0.509803921569,0.764705942191,1],"ix":4},"o":{"a":0,"k":100,"ix":5},"r":1,"bm":0,"nm":"Fond 1","mn":"ADBE Vector Graphic - Fill","hd":false},{"ty":"tr","p":{"a":0,"k":[152.169,288.62],"ix":2},"a":{"a":0,"k":[0,0],"ix":1},"s":{"a":0,"k":[100,100],"ix":3},"r":{"a":0,"k":0,"ix":6},"o":{"a":0,"k":100,"ix":7},"sk":{"a":0,"k":0,"ix":4},"sa":{"a":0,"k":0,"ix":5},"nm":"Transformer "}],"nm":"Primary Trait 3","np":4,"cix":2,"bm":0,"ix":7,"mn":"ADBE Vector Group","hd":false},{"ty":"gr","it":[{"ind":0,"ty":"sh","ix":1,"ks":{"a":0,"k":{"i":[[-2.723,0.358],[0,0],[-0.359,-2.723],[0,0],[2.724,-0.358],[0.358,2.723],[0,0]],"o":[[0,0],[2.723,-0.359],[0,0],[0.358,2.723],[-2.723,0.359],[0,0],[-0.359,-2.723]],"v":[[-2.163,-16.435],[-2.163,-16.435],[3.417,-12.154],[6.445,10.856],[2.164,16.435],[-3.415,12.154],[-6.444,-10.855]],"c":true},"ix":2},"nm":"TracÃÂ© 1","mn":"ADBE Vector Shape - Group","hd":false},{"ty":"fl","c":{"a":0,"k":[0.215686289469,0.721568627451,0.976470648074,1],"ix":4},"o":{"a":0,"k":100,"ix":5},"r":1,"bm":0,"nm":"Fond 1","mn":"ADBE Vector Graphic - Fill","hd":false},{"ty":"tr","p":{"a":0,"k":[210.304,32.482],"ix":2},"a":{"a":0,"k":[1.928,15.438],"ix":1},"s":{"a":1,"k":[{"i":{"x":[0.833,0.833],"y":[0.833,0.833]},"o":{"x":[0.333,0.333],"y":[0,0]},"t":0,"s":[0,0]},{"i":{"x":[0.667,0.667],"y":[1,1]},"o":{"x":[0.167,0.167],"y":[0.167,0.167]},"t":20,"s":[100,100]},{"i":{"x":[0.833,0.833],"y":[0.833,0.833]},"o":{"x":[0.333,0.333],"y":[0,0]},"t":40,"s":[0,0]},{"i":{"x":[0.667,0.667],"y":[1,1]},"o":{"x":[0.167,0.167],"y":[0.167,0.167]},"t":58,"s":[100,100]},{"i":{"x":[0.833,0.833],"y":[0.833,0.833]},"o":{"x":[0.333,0.333],"y":[0,0]},"t":78,"s":[0,0]},{"i":{"x":[0.667,0.667],"y":[1,1]},"o":{"x":[0.167,0.167],"y":[0.167,0.167]},"t":98,"s":[100,100]},{"t":120.0000048877,"s":[0,0]}],"ix":3},"r":{"a":0,"k":0,"ix":6},"o":{"a":0,"k":100,"ix":7},"sk":{"a":0,"k":0,"ix":4},"sa":{"a":0,"k":0,"ix":5},"nm":"Transformer "}],"nm":"Outside Trait 1","np":4,"cix":2,"bm":0,"ix":8,"mn":"ADBE Vector Group","hd":false},{"ty":"gr","it":[{"ind":0,"ty":"sh","ix":1,"ks":{"a":0,"k":{"i":[[-2.179,-1.672],[0,0],[1.672,-2.179],[0,0],[2.179,1.672],[-1.672,2.179],[0,0]],"o":[[0,0],[2.179,1.672],[0,0],[-1.672,2.179],[-2.179,-1.672],[0,0],[1.672,-2.179]],"v":[[10.091,-13.152],[10.091,-13.152],[11.01,-6.178],[-3.119,12.234],[-10.092,13.152],[-11.01,6.179],[3.118,-12.233]],"c":true},"ix":2},"nm":"TracÃÂ© 1","mn":"ADBE Vector Shape - Group","hd":false},{"ty":"fl","c":{"a":0,"k":[0.215686289469,0.721568627451,0.976470648074,1],"ix":4},"o":{"a":0,"k":100,"ix":5},"r":1,"bm":0,"nm":"Fond 1","mn":"ADBE Vector Graphic - Fill","hd":false},{"ty":"tr","p":{"a":0,"k":[243.561,38.834],"ix":2},"a":{"a":0,"k":[-10.946,13.722],"ix":1},"s":{"a":1,"k":[{"i":{"x":[0.833,0.833],"y":[0.833,0.833]},"o":{"x":[0.167,0.167],"y":[0.167,0.167]},"t":0,"s":[0,0]},{"i":{"x":[0.833,0.833],"y":[0.833,0.833]},"o":{"x":[0.167,0.167],"y":[0.167,0.167]},"t":20,"s":[90,90]},{"i":{"x":[0.833,0.833],"y":[0.833,0.833]},"o":{"x":[0.167,0.167],"y":[0.167,0.167]},"t":40,"s":[0,0]},{"i":{"x":[0.833,0.833],"y":[0.833,0.833]},"o":{"x":[0.167,0.167],"y":[0.167,0.167]},"t":60,"s":[90,90]},{"i":{"x":[0.833,0.833],"y":[0.833,0.833]},"o":{"x":[0.167,0.167],"y":[0.167,0.167]},"t":80,"s":[0,0]},{"i":{"x":[0.833,0.833],"y":[0.833,0.833]},"o":{"x":[0.167,0.167],"y":[0.167,0.167]},"t":100,"s":[90,90]},{"t":120.0000048877,"s":[0,0]}],"ix":3},"r":{"a":0,"k":0,"ix":6},"o":{"a":0,"k":100,"ix":7},"sk":{"a":0,"k":0,"ix":4},"sa":{"a":0,"k":0,"ix":5},"nm":"Transformer "}],"nm":"Outside Trait 2","np":4,"cix":2,"bm":0,"ix":9,"mn":"ADBE Vector Group","hd":false},{"ty":"gr","it":[{"ind":0,"ty":"sh","ix":1,"ks":{"a":0,"k":{"i":[[-0.358,-2.723],[0,0],[2.723,-0.359],[0,0],[0.358,2.724],[-2.723,0.358],[0,0]],"o":[[0,0],[0.358,2.723],[0,0],[-2.723,0.358],[-0.359,-2.723],[0,0],[2.723,-0.359]],"v":[[16.436,-2.164],[16.436,-2.164],[12.155,3.417],[-10.855,6.445],[-16.435,2.164],[-12.154,-3.415],[10.855,-6.444]],"c":true},"ix":2},"nm":"TracÃÂ© 1","mn":"ADBE Vector Shape - Group","hd":false},{"ty":"fl","c":{"a":0,"k":[0.215686289469,0.721568627451,0.976470648074,1],"ix":4},"o":{"a":0,"k":100,"ix":5},"r":1,"bm":0,"nm":"Fond 1","mn":"ADBE Vector Graphic - Fill","hd":false},{"ty":"tr","p":{"a":0,"k":[259.139,65.658],"ix":2},"a":{"a":0,"k":[-17.187,2.384],"ix":1},"s":{"a":1,"k":[{"i":{"x":[0.667,0.667],"y":[1,1]},"o":{"x":[0.167,0.167],"y":[0.167,0.167]},"t":0,"s":[0,0]},{"i":{"x":[0.833,0.833],"y":[0.833,0.833]},"o":{"x":[0.333,0.333],"y":[0,0]},"t":20,"s":[100,100]},{"i":{"x":[0.667,0.667],"y":[1,1]},"o":{"x":[0.167,0.167],"y":[0.167,0.167]},"t":40,"s":[0,0]},{"i":{"x":[0.833,0.833],"y":[0.833,0.833]},"o":{"x":[0.333,0.333],"y":[0,0]},"t":60,"s":[100,100]},{"i":{"x":[0.667,0.667],"y":[1,1]},"o":{"x":[0.167,0.167],"y":[0.167,0.167]},"t":80,"s":[0,0]},{"i":{"x":[0.833,0.833],"y":[0.833,0.833]},"o":{"x":[0.333,0.333],"y":[0,0]},"t":100,"s":[100,100]},{"t":120.0000048877,"s":[0,0]}],"ix":3},"r":{"a":0,"k":0,"ix":6},"o":{"a":0,"k":100,"ix":7},"sk":{"a":0,"k":0,"ix":4},"sa":{"a":0,"k":0,"ix":5},"nm":"Transformer "}],"nm":"Outside Trait 3","np":4,"cix":2,"bm":0,"ix":10,"mn":"ADBE Vector Group","hd":false},{"ty":"gr","it":[{"ind":0,"ty":"sh","ix":1,"ks":{"a":0,"k":{"i":[[0,0],[-14.523,1.912],[0,0],[-1.912,-14.524],[0,0],[0,0]],"o":[[-1.912,-14.523],[0,0],[14.523,-1.912],[0,0],[0,0],[0,0]],"v":[[-120.623,3.299],[-97.789,-26.459],[86.285,-50.693],[116.043,-27.858],[122.535,21.447],[-114.132,52.605]],"c":true},"ix":2},"nm":"TracÃÂ© 1","mn":"ADBE Vector Shape - Group","hd":false},{"ty":"fl","c":{"a":0,"k":[0.898039275525,0.949019667682,0.976470648074,1],"ix":4},"o":{"a":0,"k":100,"ix":5},"r":1,"bm":0,"nm":"Fond 1","mn":"ADBE Vector Graphic - Fill","hd":false},{"ty":"tr","p":{"a":0,"k":[128.061,100.391],"ix":2},"a":{"a":0,"k":[0,0],"ix":1},"s":{"a":0,"k":[100,100],"ix":3},"r":{"a":0,"k":0,"ix":6},"o":{"a":0,"k":100,"ix":7},"sk":{"a":0,"k":0,"ix":4},"sa":{"a":0,"k":0,"ix":5},"nm":"Transformer "}],"nm":"Card Head","np":4,"cix":2,"bm":0,"ix":11,"mn":"ADBE Vector Group","hd":false},{"ty":"gr","it":[{"ind":0,"ty":"sh","ix":1,"ks":{"a":0,"k":{"i":[[-16.338,2.151],[0,0],[-2.151,-16.339],[0,0],[16.338,-2.151],[0,0],[2.151,16.338],[0,0]],"o":[[0,0],[16.338,-2.151],[0,0],[2.151,16.338],[0,0],[-16.338,2.151],[0,0],[-2.151,-16.338]],"v":[[-114.107,-155.522],[69.967,-179.755],[103.445,-154.066],[139.796,122.044],[114.107,155.522],[-69.967,179.755],[-103.445,154.067],[-139.796,-122.043]],"c":true},"ix":2},"nm":"TracÃÂ© 1","mn":"ADBE Vector Shape - Group","hd":false},{"ty":"st","c":{"a":0,"k":[0,0.509803921569,0.764705942191,1],"ix":3},"o":{"a":0,"k":100,"ix":4},"w":{"a":0,"k":2,"ix":5},"lc":1,"lj":1,"ml":4,"bm":0,"nm":"Contour 1","mn":"ADBE Vector Graphic - Stroke","hd":false},{"ty":"tr","p":{"a":0,"k":[144.574,226.799],"ix":2},"a":{"a":0,"k":[0,0],"ix":1},"s":{"a":0,"k":[100,100],"ix":3},"r":{"a":0,"k":0,"ix":6},"o":{"a":0,"k":100,"ix":7},"sk":{"a":0,"k":0,"ix":4},"sa":{"a":0,"k":0,"ix":5},"nm":"Transformer "}],"nm":"Card Stroke","np":2,"cix":2,"bm":0,"ix":12,"mn":"ADBE Vector Group","hd":false},{"ty":"gr","it":[{"ind":0,"ty":"sh","ix":1,"ks":{"a":0,"k":{"i":[[-16.338,2.151],[0,0],[-2.151,-16.339],[0,0],[16.338,-2.151],[0,0],[2.151,16.338],[0,0]],"o":[[0,0],[16.338,-2.151],[0,0],[2.151,16.338],[0,0],[-16.338,2.151],[0,0],[-2.151,-16.338]],"v":[[-114.107,-155.522],[69.967,-179.755],[103.445,-154.066],[139.796,122.044],[114.107,155.522],[-69.967,179.755],[-103.445,154.067],[-139.796,-122.043]],"c":true},"ix":2},"nm":"TracÃÂ© 1","mn":"ADBE Vector Shape - Group","hd":false},{"ty":"fl","c":{"a":0,"k":[0.980392216701,0.980392216701,0.980392216701,1],"ix":4},"o":{"a":0,"k":100,"ix":5},"r":1,"bm":0,"nm":"Fond 1","mn":"ADBE Vector Graphic - Fill","hd":false},{"ty":"tr","p":{"a":0,"k":[143.947,226.166],"ix":2},"a":{"a":0,"k":[0,0],"ix":1},"s":{"a":0,"k":[100,100],"ix":3},"r":{"a":0,"k":0,"ix":6},"o":{"a":0,"k":100,"ix":7},"sk":{"a":0,"k":0,"ix":4},"sa":{"a":0,"k":0,"ix":5},"nm":"Transformer "}],"nm":"Card Background","np":4,"cix":2,"bm":0,"ix":13,"mn":"ADBE Vector Group","hd":false}],"ip":0,"op":120.0000048877,"st":0,"bm":0},{"ddd":0,"ind":2,"ty":4,"nm":"Fiche 2/Empty State Silhouettes","sr":1,"ks":{"o":{"a":0,"k":100,"ix":11},"r":{"a":1,"k":[{"i":{"x":[0.833],"y":[0.833]},"o":{"x":[0.167],"y":[0.167]},"t":0,"s":[-10]},{"i":{"x":[0.833],"y":[0.833]},"o":{"x":[0.167],"y":[0.167]},"t":30,"s":[0]},{"i":{"x":[0.833],"y":[0.833]},"o":{"x":[0.167],"y":[0.167]},"t":60,"s":[-10]},{"i":{"x":[0.833],"y":[0.833]},"o":{"x":[0.167],"y":[0.167]},"t":90,"s":[0]},{"t":120.0000048877,"s":[-10]}],"ix":10},"p":{"a":0,"k":[206,570,0],"ix":2},"a":{"a":0,"k":[17,313,0],"ix":1},"s":{"a":0,"k":[100,100,100],"ix":6}},"ao":0,"shapes":[{"ty":"gr","it":[{"ind":0,"ty":"sh","ix":1,"ks":{"a":0,"k":{"i":[[-12.805,-0.559],[0,0],[0.559,-12.805],[0,0],[12.805,0.559],[0,0],[-0.559,12.805],[0,0]],"o":[[0,0],[12.805,0.56],[0,0],[-0.559,12.805],[0,0],[-12.805,-0.559],[0,0],[0.559,-12.805]],"v":[[-85.657,-166.349],[99.829,-158.251],[122.002,-134.053],[109.855,144.176],[85.657,166.349],[-99.829,158.251],[-122.003,134.053],[-109.855,-144.176]],"c":true},"ix":2},"nm":"TracÃÂ© 1","mn":"ADBE Vector Shape - Group","hd":false},{"ty":"st","c":{"a":0,"k":[0,0.509803921569,0.764705942191,1],"ix":3},"o":{"a":0,"k":100,"ix":4},"w":{"a":0,"k":2,"ix":5},"lc":1,"lj":1,"ml":4,"bm":0,"nm":"Contour 1","mn":"ADBE Vector Graphic - Stroke","hd":false},{"ty":"tr","p":{"a":0,"k":[124.562,168.908],"ix":2},"a":{"a":0,"k":[0,0],"ix":1},"s":{"a":0,"k":[100,100],"ix":3},"r":{"a":0,"k":0,"ix":6},"o":{"a":0,"k":100,"ix":7},"sk":{"a":0,"k":0,"ix":4},"sa":{"a":0,"k":0,"ix":5},"nm":"Transformer "}],"nm":"Groupe 1","np":2,"cix":2,"bm":0,"ix":1,"mn":"ADBE Vector Group","hd":false},{"ty":"gr","it":[{"ind":0,"ty":"sh","ix":1,"ks":{"a":0,"k":{"i":[[-12.805,-0.559],[0,0],[0.559,-12.805],[0,0],[12.805,0.559],[0,0],[-0.559,12.805],[0,0]],"o":[[0,0],[12.805,0.56],[0,0],[-0.559,12.805],[0,0],[-12.805,-0.559],[0,0],[0.559,-12.805]],"v":[[-85.657,-166.349],[99.829,-158.251],[122.002,-134.053],[109.855,144.176],[85.657,166.349],[-99.829,158.251],[-122.003,134.053],[-109.855,-144.176]],"c":true},"ix":2},"nm":"TracÃÂ© 1","mn":"ADBE Vector Shape - Group","hd":false},{"ty":"fl","c":{"a":0,"k":[0.898039275525,0.949019667682,0.976470648074,1],"ix":4},"o":{"a":0,"k":100,"ix":5},"r":1,"bm":0,"nm":"Fond 1","mn":"ADBE Vector Graphic - Fill","hd":false},{"ty":"tr","p":{"a":0,"k":[124.562,168.908],"ix":2},"a":{"a":0,"k":[0,0],"ix":1},"s":{"a":0,"k":[100,100],"ix":3},"r":{"a":0,"k":0,"ix":6},"o":{"a":0,"k":100,"ix":7},"sk":{"a":0,"k":0,"ix":4},"sa":{"a":0,"k":0,"ix":5},"nm":"Transformer "}],"nm":"Groupe 2","np":4,"cix":2,"bm":0,"ix":2,"mn":"ADBE Vector Group","hd":false}],"ip":0,"op":120.0000048877,"st":0,"bm":0},{"ddd":0,"ind":3,"ty":4,"nm":"Rond/Empty State Silhouettes","sr":1,"ks":{"o":{"a":0,"k":6,"ix":11},"r":{"a":0,"k":0,"ix":10},"p":{"a":0,"k":[306,250,0],"ix":2},"a":{"a":0,"k":[237.5,237.5,0],"ix":1},"s":{"a":0,"k":[100,100,100],"ix":6}},"ao":0,"shapes":[{"ty":"gr","it":[{"ind":0,"ty":"sh","ix":1,"ks":{"a":0,"k":{"i":[[-130.92,0],[0,-130.92],[130.92,0],[0,130.92]],"o":[[130.92,0],[0,130.92],[-130.92,0],[0,-130.92]],"v":[[0,-237.051],[237.051,0],[0,237.051],[-237.051,0]],"c":true},"ix":2},"nm":"TracÃÂ© 1","mn":"ADBE Vector Shape - Group","hd":false},{"ty":"fl","c":{"a":0,"k":[1,0.317647058824,0.101960791794,1],"ix":4},"o":{"a":0,"k":100,"ix":5},"r":1,"bm":0,"nm":"Fond 1","mn":"ADBE Vector Graphic - Fill","hd":false},{"ty":"tr","p":{"a":0,"k":[237.051,237.051],"ix":2},"a":{"a":0,"k":[0,0],"ix":1},"s":{"a":0,"k":[100,100],"ix":3},"r":{"a":0,"k":0,"ix":6},"o":{"a":0,"k":100,"ix":7},"sk":{"a":0,"k":0,"ix":4},"sa":{"a":0,"k":0,"ix":5},"nm":"Transformer "}],"nm":"Groupe 1","np":4,"cix":2,"bm":0,"ix":1,"mn":"ADBE Vector Group","hd":false}],"ip":0,"op":120.0000048877,"st":0,"bm":0}],"markers":[]}